{
  "label_threshold_used": 4.0,
  "text_only": {
    "accuracy": 0.6956521739130435,
    "f1": 0.05970149253731343,
    "roc_auc": 0.6712393566698203
  },
  "numeric_only": {
    "accuracy": 0.7294685990338164,
    "f1": 0.0,
    "roc_auc": 0.5
  },
  "hybrid": {
    "accuracy": 0.6763285024154589,
    "f1": 0.47244094488188976,
    "roc_auc": 0.6804044465468306
  }
}