model,threshold,precision,recall,f1,avg_precision
text,0.2993473625273563,0.3671875,0.8392857142857143,0.5108695652173914,0.3767025061880479
hybrid,1.5644182078479008e-05,0.3333333333333333,0.8928571428571429,0.4854368932038835,0.3788325163408503
num,0.3523489932885906,0.27053140096618356,1.0,0.42585551330798477,0.27053140096618356
